pattern	precision	recall	score
.AG	0.7579617834394905	0.6375	372.0
AAG.	0.9146341463414634	0.26785714285714285	258.0
GAG.	0.7983539094650206	0.3464285714285714	241.0
A.G	0.7566607460035524	0.38035714285714284	220.5
AA.	0.740234375	0.33839285714285716	179.5
AAGT	0.9767441860465116	0.1125	121.5
GA.T..	0.7627737226277372	0.18660714285714286	111.5
AA.T	0.8296703296703297	0.13482142857142856	104.5
G[CA][AGT]T	0.72	0.19285714285714287	90.0
GA.TG.	0.855072463768116	0.10535714285714286	88.0
A.G.A	0.8072289156626506	0.11964285714285715	86.0
.AGT.C	0.9529411764705882	0.07232142857142858	75.0
.AGT.A	0.926829268292683	0.06785714285714285	67.0
AAG..G	0.9012345679012346	0.06517857142857143	61.0
AAG..T	0.8780487804878049	0.06428571428571428	57.0
AAG.C.	0.9206349206349206	0.05178571428571429	50.5
A.GTA.	0.9333333333333333	0.05	50.0
GA[GCT][AT][TGC][TG]	0.7315436241610739	0.09732142857142857	49.0
A.G..T	0.7323943661971831	0.09285714285714286	47.0
.AG.GA	0.8271604938271605	0.059821428571428574	46.0
.AG.GG	0.7692307692307693	0.07142857142857142	44.0
.AGTC.	0.8833333333333333	0.04732142857142857	42.5
A.GTG.	0.8333333333333334	0.05357142857142857	42.0
.AGTGG	0.9230769230769231	0.04285714285714286	42.0
GAGT.C	0.92	0.04107142857142857	40.0
GAGT.A	0.9148936170212766	0.038392857142857145	37.0
.AGC	0.6836158192090396	0.10803571428571429	37.0
A.GT.G	0.8679245283018868	0.04107142857142857	35.5
[AGT]AG[AGT]AT	0.9736842105263158	0.033035714285714286	35.5
.A.TGG	0.8225806451612904	0.045535714285714284	34.5
A.GC	0.7391304347826086	0.060714285714285714	32.0
[GC][CA]GTC	0.8636363636363636	0.033928571428571426	29.0
[GC]AG[CT]C[TGC]	0.7777777777777778	0.04375	28.0
A.G.AT	0.8571428571428571	0.03214285714285714	27.0
A[GCA]GTA[CTA]	0.8888888888888888	0.02857142857142857	26.0
AA..GG	0.8260869565217391	0.033928571428571426	26.0
ATGT..	0.8222222222222222	0.033035714285714286	25.0
GAGT[CA]T	0.9629629629629629	0.023214285714285715	24.5
.AGC.C	0.813953488372093	0.03125	23.0
GA..GC	0.7735849056603774	0.03660714285714286	23.0
AAG.GG	0.9285714285714286	0.023214285714285715	23.0
A.G.AG	0.813953488372093	0.03125	23.0
AA..AG	0.8333333333333334	0.026785714285714284	21.0
AAG.CA	0.9565217391304348	0.019642857142857142	20.5
AAGG.A	1.0	0.017857142857142856	20.0
AAGAG.	0.9166666666666666	0.019642857142857142	19.0
.A.TAG	0.9166666666666666	0.019642857142857142	19.0
[CTG][ACG]GTGA	0.7551020408163265	0.033035714285714286	19.0
[AGC][AGT]GTTC	0.9523809523809523	0.017857142857142856	18.5
AAG.TG	0.9523809523809523	0.017857142857142856	18.5
..GTCC	0.7674418604651163	0.029464285714285714	18.0
AAGGC.	0.95	0.016964285714285713	17.5
AAGG.C	0.9473684210526315	0.01607142857142857	16.5
A.G.GC	0.7560975609756098	0.027678571428571427	16.0
.AGTTC	0.9444444444444444	0.015178571428571428	15.5
A[GA]GTGG	1.0	0.013392857142857142	15.0
A.GCA.	0.8	0.02142857142857143	15.0
.AG.TT	0.7714285714285715	0.024107142857142858	15.0
A.GC.C	0.9411764705882353	0.014285714285714285	14.5
[AC]A[TG]T[CA]C	0.8636363636363636	0.016964285714285713	14.5
AA..TA	0.8148148148148148	0.019642857142857142	14.5
AA..TG	0.7647058823529411	0.023214285714285715	14.0
.A.TAC	0.85	0.015178571428571428	12.5
GAG.TC	0.8181818181818182	0.01607142857142857	12.0
AAGA.T	1.0	0.010714285714285714	12.0
A..TAC	0.8421052631578947	0.014285714285714285	11.5
AAG.TT	0.875	0.0125	11.0
GAGTCT	0.9230769230769231	0.010714285714285714	10.5
AAGTTC	1.0	0.008928571428571428	10.0
AA.TGT	0.9166666666666666	0.009821428571428571	9.5
AAGTTG	1.0	0.008035714285714285	9.0
GAG.TT	0.8125	0.011607142857142858	8.5
AA[TG]G[CAT]T	0.7777777777777778	0.0125	8.0
AAGTGA	1.0	0.007142857142857143	8.0
AA.TTC	0.8461538461538461	0.009821428571428571	8.0
AAGGC[TC]	0.9	0.008035714285714285	7.5
A.GCG.	0.8333333333333334	0.008928571428571428	7.0
AGG[CTA]AC	0.8888888888888888	0.007142857142857143	6.5
A.GCTC	1.0	0.005357142857142857	6.0
GAGGGC	0.8181818181818182	0.008035714285714285	6.0
AAGAAA	0.8181818181818182	0.008035714285714285	6.0
G.GTTC	0.875	0.00625	5.5
AA.GAT	0.875	0.00625	5.5
A.GGCC	0.875	0.00625	5.5
AGG.AC	0.8	0.007142857142857143	5.0
AAGCTG	1.0	0.004464285714285714	5.0
A.GCAA	1.0	0.004464285714285714	5.0
AA.AGC	0.8	0.007142857142857143	5.0
AAA.TA	0.8571428571428571	0.005357142857142857	4.5
[AT]AGAGA	0.8571428571428571	0.005357142857142857	4.5
A.G.CG	0.7777777777777778	0.00625	4.0
.GGTCC	0.7777777777777778	0.00625	4.0
A[ACG]GCT[GA]	0.7777777777777778	0.00625	4.0
GA[CG]TTT	0.8333333333333334	0.004464285714285714	3.5
GAGCAC	0.8333333333333334	0.004464285714285714	3.5
GA.	0.558041958041958	0.35625	-75.0
